Found cached model at /home/amy/.cache/alphafold-rs/params.tar
Model params ready at: /home/amy/.cache/alphafold-rs/params.tar
Loading parameter tensors…
Loaded 455 tensors.

Name                                                                                                                                                                                         Dtype  Shape                               Elements
------------------------------------------------------------------------------------------------------------------------------------------------------------------------------------------------------------------------------------------------
alphafold/alphafold_iteration/distogram_head/half_logits//bias                                                                                                                               <f4    [64]                                      64
alphafold/alphafold_iteration/distogram_head/half_logits//weights                                                                                                                            <f4    [128, 64]                               8192
alphafold/alphafold_iteration/evoformer/evoformer_iteration/msa_column_attention/attention//gating_b                                                                                         <f4    [48, 8, 32]                            12288
alphafold/alphafold_iteration/evoformer/evoformer_iteration/msa_column_attention/attention//gating_w                                                                                         <f4    [48, 256, 8, 32]                     3145728
alphafold/alphafold_iteration/evoformer/evoformer_iteration/msa_column_attention/attention//key_w                                                                                            <f4    [48, 256, 8, 32]                     3145728
alphafold/alphafold_iteration/evoformer/evoformer_iteration/msa_column_attention/attention//output_b                                                                                         <f4    [48, 256]                              12288
alphafold/alphafold_iteration/evoformer/evoformer_iteration/msa_column_attention/attention//output_w                                                                                         <f4    [48, 8, 32, 256]                     3145728
alphafold/alphafold_iteration/evoformer/evoformer_iteration/msa_column_attention/attention//query_w                                                                                          <f4    [48, 256, 8, 32]                     3145728
alphafold/alphafold_iteration/evoformer/evoformer_iteration/msa_column_attention/attention//value_w                                                                                          <f4    [48, 256, 8, 32]                     3145728
alphafold/alphafold_iteration/evoformer/evoformer_iteration/msa_column_attention/query_norm//offset                                                                                          <f4    [48, 256]                              12288
alphafold/alphafold_iteration/evoformer/evoformer_iteration/msa_column_attention/query_norm//scale                                                                                           <f4    [48, 256]                              12288
alphafold/alphafold_iteration/evoformer/evoformer_iteration/msa_row_attention_with_pair_bias//feat_2d_weights                                                                                <f4    [48, 128, 8]                           49152
alphafold/alphafold_iteration/evoformer/evoformer_iteration/msa_row_attention_with_pair_bias/attention//gating_b                                                                             <f4    [48, 8, 32]                            12288
alphafold/alphafold_iteration/evoformer/evoformer_iteration/msa_row_attention_with_pair_bias/attention//gating_w                                                                             <f4    [48, 256, 8, 32]                     3145728
alphafold/alphafold_iteration/evoformer/evoformer_iteration/msa_row_attention_with_pair_bias/attention//key_w                                                                                <f4    [48, 256, 8, 32]                     3145728
alphafold/alphafold_iteration/evoformer/evoformer_iteration/msa_row_attention_with_pair_bias/attention//output_b                                                                             <f4    [48, 256]                              12288
alphafold/alphafold_iteration/evoformer/evoformer_iteration/msa_row_attention_with_pair_bias/attention//output_w                                                                             <f4    [48, 8, 32, 256]                     3145728
alphafold/alphafold_iteration/evoformer/evoformer_iteration/msa_row_attention_with_pair_bias/attention//query_w                                                                              <f4    [48, 256, 8, 32]                     3145728
alphafold/alphafold_iteration/evoformer/evoformer_iteration/msa_row_attention_with_pair_bias/attention//value_w                                                                              <f4    [48, 256, 8, 32]                     3145728
alphafold/alphafold_iteration/evoformer/evoformer_iteration/msa_row_attention_with_pair_bias/feat_2d_norm//offset                                                                            <f4    [48, 128]                               6144
alphafold/alphafold_iteration/evoformer/evoformer_iteration/msa_row_attention_with_pair_bias/feat_2d_norm//scale                                                                             <f4    [48, 128]                               6144
alphafold/alphafold_iteration/evoformer/evoformer_iteration/msa_row_attention_with_pair_bias/query_norm//offset                                                                              <f4    [48, 256]                              12288
alphafold/alphafold_iteration/evoformer/evoformer_iteration/msa_row_attention_with_pair_bias/query_norm//scale                                                                               <f4    [48, 256]                              12288
alphafold/alphafold_iteration/evoformer/evoformer_iteration/msa_transition/input_layer_norm//offset                                                                                          <f4    [48, 256]                              12288
alphafold/alphafold_iteration/evoformer/evoformer_iteration/msa_transition/input_layer_norm//scale                                                                                           <f4    [48, 256]                              12288
alphafold/alphafold_iteration/evoformer/evoformer_iteration/msa_transition/transition1//bias                                                                                                 <f4    [48, 1024]                             49152
alphafold/alphafold_iteration/evoformer/evoformer_iteration/msa_transition/transition1//weights                                                                                              <f4    [48, 256, 1024]                     12582912
alphafold/alphafold_iteration/evoformer/evoformer_iteration/msa_transition/transition2//bias                                                                                                 <f4    [48, 256]                              12288
alphafold/alphafold_iteration/evoformer/evoformer_iteration/msa_transition/transition2//weights                                                                                              <f4    [48, 1024, 256]                     12582912
alphafold/alphafold_iteration/evoformer/evoformer_iteration/outer_product_mean//output_b                                                                                                     <f4    [48, 128]                               6144
alphafold/alphafold_iteration/evoformer/evoformer_iteration/outer_product_mean//output_w                                                                                                     <f4    [48, 32, 32, 128]                    6291456
alphafold/alphafold_iteration/evoformer/evoformer_iteration/outer_product_mean/layer_norm_input//offset                                                                                      <f4    [48, 256]                              12288
alphafold/alphafold_iteration/evoformer/evoformer_iteration/outer_product_mean/layer_norm_input//scale                                                                                       <f4    [48, 256]                              12288
alphafold/alphafold_iteration/evoformer/evoformer_iteration/outer_product_mean/left_projection//bias                                                                                         <f4    [48, 32]                                1536
alphafold/alphafold_iteration/evoformer/evoformer_iteration/outer_product_mean/left_projection//weights                                                                                      <f4    [48, 256, 32]                         393216
alphafold/alphafold_iteration/evoformer/evoformer_iteration/outer_product_mean/right_projection//bias                                                                                        <f4    [48, 32]                                1536
alphafold/alphafold_iteration/evoformer/evoformer_iteration/outer_product_mean/right_projection//weights                                                                                     <f4    [48, 256, 32]                         393216
alphafold/alphafold_iteration/evoformer/evoformer_iteration/pair_transition/input_layer_norm//offset                                                                                         <f4    [48, 128]                               6144
alphafold/alphafold_iteration/evoformer/evoformer_iteration/pair_transition/input_layer_norm//scale                                                                                          <f4    [48, 128]                               6144
alphafold/alphafold_iteration/evoformer/evoformer_iteration/pair_transition/transition1//bias                                                                                                <f4    [48, 512]                              24576
alphafold/alphafold_iteration/evoformer/evoformer_iteration/pair_transition/transition1//weights                                                                                             <f4    [48, 128, 512]                       3145728
alphafold/alphafold_iteration/evoformer/evoformer_iteration/pair_transition/transition2//bias                                                                                                <f4    [48, 128]                               6144
alphafold/alphafold_iteration/evoformer/evoformer_iteration/pair_transition/transition2//weights                                                                                             <f4    [48, 512, 128]                       3145728
alphafold/alphafold_iteration/evoformer/evoformer_iteration/triangle_attention_ending_node//feat_2d_weights                                                                                  <f4    [48, 128, 4]                           24576
alphafold/alphafold_iteration/evoformer/evoformer_iteration/triangle_attention_ending_node/attention//gating_b                                                                               <f4    [48, 4, 32]                             6144
alphafold/alphafold_iteration/evoformer/evoformer_iteration/triangle_attention_ending_node/attention//gating_w                                                                               <f4    [48, 128, 4, 32]                      786432
alphafold/alphafold_iteration/evoformer/evoformer_iteration/triangle_attention_ending_node/attention//key_w                                                                                  <f4    [48, 128, 4, 32]                      786432
alphafold/alphafold_iteration/evoformer/evoformer_iteration/triangle_attention_ending_node/attention//output_b                                                                               <f4    [48, 128]                               6144
alphafold/alphafold_iteration/evoformer/evoformer_iteration/triangle_attention_ending_node/attention//output_w                                                                               <f4    [48, 4, 32, 128]                      786432
alphafold/alphafold_iteration/evoformer/evoformer_iteration/triangle_attention_ending_node/attention//query_w                                                                                <f4    [48, 128, 4, 32]                      786432
alphafold/alphafold_iteration/evoformer/evoformer_iteration/triangle_attention_ending_node/attention//value_w                                                                                <f4    [48, 128, 4, 32]                      786432
alphafold/alphafold_iteration/evoformer/evoformer_iteration/triangle_attention_ending_node/query_norm//offset                                                                                <f4    [48, 128]                               6144
alphafold/alphafold_iteration/evoformer/evoformer_iteration/triangle_attention_ending_node/query_norm//scale                                                                                 <f4    [48, 128]                               6144
alphafold/alphafold_iteration/evoformer/evoformer_iteration/triangle_attention_starting_node//feat_2d_weights                                                                                <f4    [48, 128, 4]                           24576
alphafold/alphafold_iteration/evoformer/evoformer_iteration/triangle_attention_starting_node/attention//gating_b                                                                             <f4    [48, 4, 32]                             6144
alphafold/alphafold_iteration/evoformer/evoformer_iteration/triangle_attention_starting_node/attention//gating_w                                                                             <f4    [48, 128, 4, 32]                      786432
alphafold/alphafold_iteration/evoformer/evoformer_iteration/triangle_attention_starting_node/attention//key_w                                                                                <f4    [48, 128, 4, 32]                      786432
alphafold/alphafold_iteration/evoformer/evoformer_iteration/triangle_attention_starting_node/attention//output_b                                                                             <f4    [48, 128]                               6144
alphafold/alphafold_iteration/evoformer/evoformer_iteration/triangle_attention_starting_node/attention//output_w                                                                             <f4    [48, 4, 32, 128]                      786432
alphafold/alphafold_iteration/evoformer/evoformer_iteration/triangle_attention_starting_node/attention//query_w                                                                              <f4    [48, 128, 4, 32]                      786432
alphafold/alphafold_iteration/evoformer/evoformer_iteration/triangle_attention_starting_node/attention//value_w                                                                              <f4    [48, 128, 4, 32]                      786432
alphafold/alphafold_iteration/evoformer/evoformer_iteration/triangle_attention_starting_node/query_norm//offset                                                                              <f4    [48, 128]                               6144
alphafold/alphafold_iteration/evoformer/evoformer_iteration/triangle_attention_starting_node/query_norm//scale                                                                               <f4    [48, 128]                               6144
alphafold/alphafold_iteration/evoformer/evoformer_iteration/triangle_multiplication_incoming/center_layer_norm//offset                                                                       <f4    [48, 128]                               6144
alphafold/alphafold_iteration/evoformer/evoformer_iteration/triangle_multiplication_incoming/center_layer_norm//scale                                                                        <f4    [48, 128]                               6144
alphafold/alphafold_iteration/evoformer/evoformer_iteration/triangle_multiplication_incoming/center_norm//offset                                                                             <f4    [48, 128]                               6144
alphafold/alphafold_iteration/evoformer/evoformer_iteration/triangle_multiplication_incoming/center_norm//scale                                                                              <f4    [48, 128]                               6144
alphafold/alphafold_iteration/evoformer/evoformer_iteration/triangle_multiplication_incoming/gate//bias                                                                                      <f4    [48, 256]                              12288
alphafold/alphafold_iteration/evoformer/evoformer_iteration/triangle_multiplication_incoming/gate//weights                                                                                   <f4    [48, 128, 256]                       1572864
alphafold/alphafold_iteration/evoformer/evoformer_iteration/triangle_multiplication_incoming/gating_linear//bias                                                                             <f4    [48, 128]                               6144
alphafold/alphafold_iteration/evoformer/evoformer_iteration/triangle_multiplication_incoming/gating_linear//weights                                                                          <f4    [48, 128, 128]                        786432
alphafold/alphafold_iteration/evoformer/evoformer_iteration/triangle_multiplication_incoming/layer_norm_input//offset                                                                        <f4    [48, 128]                               6144
alphafold/alphafold_iteration/evoformer/evoformer_iteration/triangle_multiplication_incoming/layer_norm_input//scale                                                                         <f4    [48, 128]                               6144
alphafold/alphafold_iteration/evoformer/evoformer_iteration/triangle_multiplication_incoming/left_gate//bias                                                                                 <f4    [48, 128]                               6144
alphafold/alphafold_iteration/evoformer/evoformer_iteration/triangle_multiplication_incoming/left_gate//weights                                                                              <f4    [48, 128, 128]                        786432
alphafold/alphafold_iteration/evoformer/evoformer_iteration/triangle_multiplication_incoming/left_norm_input//offset                                                                         <f4    [48, 128]                               6144
alphafold/alphafold_iteration/evoformer/evoformer_iteration/triangle_multiplication_incoming/left_norm_input//scale                                                                          <f4    [48, 128]                               6144
alphafold/alphafold_iteration/evoformer/evoformer_iteration/triangle_multiplication_incoming/left_projection//bias                                                                           <f4    [48, 128]                               6144
alphafold/alphafold_iteration/evoformer/evoformer_iteration/triangle_multiplication_incoming/left_projection//weights                                                                        <f4    [48, 128, 128]                        786432
alphafold/alphafold_iteration/evoformer/evoformer_iteration/triangle_multiplication_incoming/output_projection//bias                                                                         <f4    [48, 128]                               6144
alphafold/alphafold_iteration/evoformer/evoformer_iteration/triangle_multiplication_incoming/output_projection//weights                                                                      <f4    [48, 128, 128]                        786432
alphafold/alphafold_iteration/evoformer/evoformer_iteration/triangle_multiplication_incoming/projection//bias                                                                                <f4    [48, 256]                              12288
alphafold/alphafold_iteration/evoformer/evoformer_iteration/triangle_multiplication_incoming/projection//weights                                                                             <f4    [48, 128, 256]                       1572864
alphafold/alphafold_iteration/evoformer/evoformer_iteration/triangle_multiplication_incoming/right_gate//bias                                                                                <f4    [48, 128]                               6144
alphafold/alphafold_iteration/evoformer/evoformer_iteration/triangle_multiplication_incoming/right_gate//weights                                                                             <f4    [48, 128, 128]                        786432
alphafold/alphafold_iteration/evoformer/evoformer_iteration/triangle_multiplication_incoming/right_projection//bias                                                                          <f4    [48, 128]                               6144
alphafold/alphafold_iteration/evoformer/evoformer_iteration/triangle_multiplication_incoming/right_projection//weights                                                                       <f4    [48, 128, 128]                        786432
alphafold/alphafold_iteration/evoformer/evoformer_iteration/triangle_multiplication_outgoing/center_layer_norm//offset                                                                       <f4    [48, 128]                               6144
alphafold/alphafold_iteration/evoformer/evoformer_iteration/triangle_multiplication_outgoing/center_layer_norm//scale                                                                        <f4    [48, 128]                               6144
alphafold/alphafold_iteration/evoformer/evoformer_iteration/triangle_multiplication_outgoing/center_norm//offset                                                                             <f4    [48, 128]                               6144
alphafold/alphafold_iteration/evoformer/evoformer_iteration/triangle_multiplication_outgoing/center_norm//scale                                                                              <f4    [48, 128]                               6144
alphafold/alphafold_iteration/evoformer/evoformer_iteration/triangle_multiplication_outgoing/gate//bias                                                                                      <f4    [48, 256]                              12288
alphafold/alphafold_iteration/evoformer/evoformer_iteration/triangle_multiplication_outgoing/gate//weights                                                                                   <f4    [48, 128, 256]                       1572864
alphafold/alphafold_iteration/evoformer/evoformer_iteration/triangle_multiplication_outgoing/gating_linear//bias                                                                             <f4    [48, 128]                               6144
alphafold/alphafold_iteration/evoformer/evoformer_iteration/triangle_multiplication_outgoing/gating_linear//weights                                                                          <f4    [48, 128, 128]                        786432
alphafold/alphafold_iteration/evoformer/evoformer_iteration/triangle_multiplication_outgoing/layer_norm_input//offset                                                                        <f4    [48, 128]                               6144
alphafold/alphafold_iteration/evoformer/evoformer_iteration/triangle_multiplication_outgoing/layer_norm_input//scale                                                                         <f4    [48, 128]                               6144
alphafold/alphafold_iteration/evoformer/evoformer_iteration/triangle_multiplication_outgoing/left_gate//bias                                                                                 <f4    [48, 128]                               6144
alphafold/alphafold_iteration/evoformer/evoformer_iteration/triangle_multiplication_outgoing/left_gate//weights                                                                              <f4    [48, 128, 128]                        786432
alphafold/alphafold_iteration/evoformer/evoformer_iteration/triangle_multiplication_outgoing/left_norm_input//offset                                                                         <f4    [48, 128]                               6144
alphafold/alphafold_iteration/evoformer/evoformer_iteration/triangle_multiplication_outgoing/left_norm_input//scale                                                                          <f4    [48, 128]                               6144
alphafold/alphafold_iteration/evoformer/evoformer_iteration/triangle_multiplication_outgoing/left_projection//bias                                                                           <f4    [48, 128]                               6144
alphafold/alphafold_iteration/evoformer/evoformer_iteration/triangle_multiplication_outgoing/left_projection//weights                                                                        <f4    [48, 128, 128]                        786432
alphafold/alphafold_iteration/evoformer/evoformer_iteration/triangle_multiplication_outgoing/output_projection//bias                                                                         <f4    [48, 128]                               6144
alphafold/alphafold_iteration/evoformer/evoformer_iteration/triangle_multiplication_outgoing/output_projection//weights                                                                      <f4    [48, 128, 128]                        786432
alphafold/alphafold_iteration/evoformer/evoformer_iteration/triangle_multiplication_outgoing/projection//bias                                                                                <f4    [48, 256]                              12288
alphafold/alphafold_iteration/evoformer/evoformer_iteration/triangle_multiplication_outgoing/projection//weights                                                                             <f4    [48, 128, 256]                       1572864
alphafold/alphafold_iteration/evoformer/evoformer_iteration/triangle_multiplication_outgoing/right_gate//bias                                                                                <f4    [48, 128]                               6144
alphafold/alphafold_iteration/evoformer/evoformer_iteration/triangle_multiplication_outgoing/right_gate//weights                                                                             <f4    [48, 128, 128]                        786432
alphafold/alphafold_iteration/evoformer/evoformer_iteration/triangle_multiplication_outgoing/right_projection//bias                                                                          <f4    [48, 128]                               6144
alphafold/alphafold_iteration/evoformer/evoformer_iteration/triangle_multiplication_outgoing/right_projection//weights                                                                       <f4    [48, 128, 128]                        786432
alphafold/alphafold_iteration/evoformer/extra_msa_activations//bias                                                                                                                          <f4    [64]                                      64
alphafold/alphafold_iteration/evoformer/extra_msa_activations//weights                                                                                                                       <f4    [25, 64]                                1600
alphafold/alphafold_iteration/evoformer/extra_msa_stack/msa_column_global_attention/attention//gating_b                                                                                      <f4    [4, 8, 8]                                256
alphafold/alphafold_iteration/evoformer/extra_msa_stack/msa_column_global_attention/attention//gating_w                                                                                      <f4    [4, 64, 8, 8]                          16384
alphafold/alphafold_iteration/evoformer/extra_msa_stack/msa_column_global_attention/attention//key_w                                                                                         <f4    [4, 64, 8]                              2048
alphafold/alphafold_iteration/evoformer/extra_msa_stack/msa_column_global_attention/attention//output_b                                                                                      <f4    [4, 64]                                  256
alphafold/alphafold_iteration/evoformer/extra_msa_stack/msa_column_global_attention/attention//output_w                                                                                      <f4    [4, 8, 8, 64]                          16384
alphafold/alphafold_iteration/evoformer/extra_msa_stack/msa_column_global_attention/attention//query_w                                                                                       <f4    [4, 64, 8, 8]                          16384
alphafold/alphafold_iteration/evoformer/extra_msa_stack/msa_column_global_attention/attention//value_w                                                                                       <f4    [4, 64, 8]                              2048
alphafold/alphafold_iteration/evoformer/extra_msa_stack/msa_column_global_attention/query_norm//offset                                                                                       <f4    [4, 64]                                  256
alphafold/alphafold_iteration/evoformer/extra_msa_stack/msa_column_global_attention/query_norm//scale                                                                                        <f4    [4, 64]                                  256
alphafold/alphafold_iteration/evoformer/extra_msa_stack/msa_row_attention_with_pair_bias//feat_2d_weights                                                                                    <f4    [4, 128, 8]                             4096
alphafold/alphafold_iteration/evoformer/extra_msa_stack/msa_row_attention_with_pair_bias/attention//gating_b                                                                                 <f4    [4, 8, 8]                                256
alphafold/alphafold_iteration/evoformer/extra_msa_stack/msa_row_attention_with_pair_bias/attention//gating_w                                                                                 <f4    [4, 64, 8, 8]                          16384
alphafold/alphafold_iteration/evoformer/extra_msa_stack/msa_row_attention_with_pair_bias/attention//key_w                                                                                    <f4    [4, 64, 8, 8]                          16384
alphafold/alphafold_iteration/evoformer/extra_msa_stack/msa_row_attention_with_pair_bias/attention//output_b                                                                                 <f4    [4, 64]                                  256
alphafold/alphafold_iteration/evoformer/extra_msa_stack/msa_row_attention_with_pair_bias/attention//output_w                                                                                 <f4    [4, 8, 8, 64]                          16384
alphafold/alphafold_iteration/evoformer/extra_msa_stack/msa_row_attention_with_pair_bias/attention//query_w                                                                                  <f4    [4, 64, 8, 8]                          16384
alphafold/alphafold_iteration/evoformer/extra_msa_stack/msa_row_attention_with_pair_bias/attention//value_w                                                                                  <f4    [4, 64, 8, 8]                          16384
alphafold/alphafold_iteration/evoformer/extra_msa_stack/msa_row_attention_with_pair_bias/feat_2d_norm//offset                                                                                <f4    [4, 128]                                 512
alphafold/alphafold_iteration/evoformer/extra_msa_stack/msa_row_attention_with_pair_bias/feat_2d_norm//scale                                                                                 <f4    [4, 128]                                 512
alphafold/alphafold_iteration/evoformer/extra_msa_stack/msa_row_attention_with_pair_bias/query_norm//offset                                                                                  <f4    [4, 64]                                  256
alphafold/alphafold_iteration/evoformer/extra_msa_stack/msa_row_attention_with_pair_bias/query_norm//scale                                                                                   <f4    [4, 64]                                  256
alphafold/alphafold_iteration/evoformer/extra_msa_stack/msa_transition/input_layer_norm//offset                                                                                              <f4    [4, 64]                                  256
alphafold/alphafold_iteration/evoformer/extra_msa_stack/msa_transition/input_layer_norm//scale                                                                                               <f4    [4, 64]                                  256
alphafold/alphafold_iteration/evoformer/extra_msa_stack/msa_transition/transition1//bias                                                                                                     <f4    [4, 256]                                1024
alphafold/alphafold_iteration/evoformer/extra_msa_stack/msa_transition/transition1//weights                                                                                                  <f4    [4, 64, 256]                           65536
alphafold/alphafold_iteration/evoformer/extra_msa_stack/msa_transition/transition2//bias                                                                                                     <f4    [4, 64]                                  256
alphafold/alphafold_iteration/evoformer/extra_msa_stack/msa_transition/transition2//weights                                                                                                  <f4    [4, 256, 64]                           65536
alphafold/alphafold_iteration/evoformer/extra_msa_stack/outer_product_mean//output_b                                                                                                         <f4    [4, 128]                                 512
alphafold/alphafold_iteration/evoformer/extra_msa_stack/outer_product_mean//output_w                                                                                                         <f4    [4, 32, 32, 128]                      524288
alphafold/alphafold_iteration/evoformer/extra_msa_stack/outer_product_mean/layer_norm_input//offset                                                                                          <f4    [4, 64]                                  256
alphafold/alphafold_iteration/evoformer/extra_msa_stack/outer_product_mean/layer_norm_input//scale                                                                                           <f4    [4, 64]                                  256
alphafold/alphafold_iteration/evoformer/extra_msa_stack/outer_product_mean/left_projection//bias                                                                                             <f4    [4, 32]                                  128
alphafold/alphafold_iteration/evoformer/extra_msa_stack/outer_product_mean/left_projection//weights                                                                                          <f4    [4, 64, 32]                             8192
alphafold/alphafold_iteration/evoformer/extra_msa_stack/outer_product_mean/right_projection//bias                                                                                            <f4    [4, 32]                                  128
alphafold/alphafold_iteration/evoformer/extra_msa_stack/outer_product_mean/right_projection//weights                                                                                         <f4    [4, 64, 32]                             8192
alphafold/alphafold_iteration/evoformer/extra_msa_stack/pair_transition/input_layer_norm//offset                                                                                             <f4    [4, 128]                                 512
alphafold/alphafold_iteration/evoformer/extra_msa_stack/pair_transition/input_layer_norm//scale                                                                                              <f4    [4, 128]                                 512
alphafold/alphafold_iteration/evoformer/extra_msa_stack/pair_transition/transition1//bias                                                                                                    <f4    [4, 512]                                2048
alphafold/alphafold_iteration/evoformer/extra_msa_stack/pair_transition/transition1//weights                                                                                                 <f4    [4, 128, 512]                         262144
alphafold/alphafold_iteration/evoformer/extra_msa_stack/pair_transition/transition2//bias                                                                                                    <f4    [4, 128]                                 512
alphafold/alphafold_iteration/evoformer/extra_msa_stack/pair_transition/transition2//weights                                                                                                 <f4    [4, 512, 128]                         262144
alphafold/alphafold_iteration/evoformer/extra_msa_stack/triangle_attention_ending_node//feat_2d_weights                                                                                      <f4    [4, 128, 4]                             2048
alphafold/alphafold_iteration/evoformer/extra_msa_stack/triangle_attention_ending_node/attention//gating_b                                                                                   <f4    [4, 4, 32]                               512
alphafold/alphafold_iteration/evoformer/extra_msa_stack/triangle_attention_ending_node/attention//gating_w                                                                                   <f4    [4, 128, 4, 32]                        65536
alphafold/alphafold_iteration/evoformer/extra_msa_stack/triangle_attention_ending_node/attention//key_w                                                                                      <f4    [4, 128, 4, 32]                        65536
alphafold/alphafold_iteration/evoformer/extra_msa_stack/triangle_attention_ending_node/attention//output_b                                                                                   <f4    [4, 128]                                 512
alphafold/alphafold_iteration/evoformer/extra_msa_stack/triangle_attention_ending_node/attention//output_w                                                                                   <f4    [4, 4, 32, 128]                        65536
alphafold/alphafold_iteration/evoformer/extra_msa_stack/triangle_attention_ending_node/attention//query_w                                                                                    <f4    [4, 128, 4, 32]                        65536
alphafold/alphafold_iteration/evoformer/extra_msa_stack/triangle_attention_ending_node/attention//value_w                                                                                    <f4    [4, 128, 4, 32]                        65536
alphafold/alphafold_iteration/evoformer/extra_msa_stack/triangle_attention_ending_node/query_norm//offset                                                                                    <f4    [4, 128]                                 512
alphafold/alphafold_iteration/evoformer/extra_msa_stack/triangle_attention_ending_node/query_norm//scale                                                                                     <f4    [4, 128]                                 512
alphafold/alphafold_iteration/evoformer/extra_msa_stack/triangle_attention_starting_node//feat_2d_weights                                                                                    <f4    [4, 128, 4]                             2048
alphafold/alphafold_iteration/evoformer/extra_msa_stack/triangle_attention_starting_node/attention//gating_b                                                                                 <f4    [4, 4, 32]                               512
alphafold/alphafold_iteration/evoformer/extra_msa_stack/triangle_attention_starting_node/attention//gating_w                                                                                 <f4    [4, 128, 4, 32]                        65536
alphafold/alphafold_iteration/evoformer/extra_msa_stack/triangle_attention_starting_node/attention//key_w                                                                                    <f4    [4, 128, 4, 32]                        65536
alphafold/alphafold_iteration/evoformer/extra_msa_stack/triangle_attention_starting_node/attention//output_b                                                                                 <f4    [4, 128]                                 512
alphafold/alphafold_iteration/evoformer/extra_msa_stack/triangle_attention_starting_node/attention//output_w                                                                                 <f4    [4, 4, 32, 128]                        65536
alphafold/alphafold_iteration/evoformer/extra_msa_stack/triangle_attention_starting_node/attention//query_w                                                                                  <f4    [4, 128, 4, 32]                        65536
alphafold/alphafold_iteration/evoformer/extra_msa_stack/triangle_attention_starting_node/attention//value_w                                                                                  <f4    [4, 128, 4, 32]                        65536
alphafold/alphafold_iteration/evoformer/extra_msa_stack/triangle_attention_starting_node/query_norm//offset                                                                                  <f4    [4, 128]                                 512
alphafold/alphafold_iteration/evoformer/extra_msa_stack/triangle_attention_starting_node/query_norm//scale                                                                                   <f4    [4, 128]                                 512
alphafold/alphafold_iteration/evoformer/extra_msa_stack/triangle_multiplication_incoming/center_layer_norm//offset                                                                           <f4    [4, 128]                                 512
alphafold/alphafold_iteration/evoformer/extra_msa_stack/triangle_multiplication_incoming/center_layer_norm//scale                                                                            <f4    [4, 128]                                 512
alphafold/alphafold_iteration/evoformer/extra_msa_stack/triangle_multiplication_incoming/center_norm//offset                                                                                 <f4    [4, 128]                                 512
alphafold/alphafold_iteration/evoformer/extra_msa_stack/triangle_multiplication_incoming/center_norm//scale                                                                                  <f4    [4, 128]                                 512
alphafold/alphafold_iteration/evoformer/extra_msa_stack/triangle_multiplication_incoming/gate//bias                                                                                          <f4    [4, 256]                                1024
alphafold/alphafold_iteration/evoformer/extra_msa_stack/triangle_multiplication_incoming/gate//weights                                                                                       <f4    [4, 128, 256]                         131072
alphafold/alphafold_iteration/evoformer/extra_msa_stack/triangle_multiplication_incoming/gating_linear//bias                                                                                 <f4    [4, 128]                                 512
alphafold/alphafold_iteration/evoformer/extra_msa_stack/triangle_multiplication_incoming/gating_linear//weights                                                                              <f4    [4, 128, 128]                          65536
alphafold/alphafold_iteration/evoformer/extra_msa_stack/triangle_multiplication_incoming/layer_norm_input//offset                                                                            <f4    [4, 128]                                 512
alphafold/alphafold_iteration/evoformer/extra_msa_stack/triangle_multiplication_incoming/layer_norm_input//scale                                                                             <f4    [4, 128]                                 512
alphafold/alphafold_iteration/evoformer/extra_msa_stack/triangle_multiplication_incoming/left_gate//bias                                                                                     <f4    [4, 128]                                 512
alphafold/alphafold_iteration/evoformer/extra_msa_stack/triangle_multiplication_incoming/left_gate//weights                                                                                  <f4    [4, 128, 128]                          65536
alphafold/alphafold_iteration/evoformer/extra_msa_stack/triangle_multiplication_incoming/left_norm_input//offset                                                                             <f4    [4, 128]                                 512
alphafold/alphafold_iteration/evoformer/extra_msa_stack/triangle_multiplication_incoming/left_norm_input//scale                                                                              <f4    [4, 128]                                 512
alphafold/alphafold_iteration/evoformer/extra_msa_stack/triangle_multiplication_incoming/left_projection//bias                                                                               <f4    [4, 128]                                 512
alphafold/alphafold_iteration/evoformer/extra_msa_stack/triangle_multiplication_incoming/left_projection//weights                                                                            <f4    [4, 128, 128]                          65536
alphafold/alphafold_iteration/evoformer/extra_msa_stack/triangle_multiplication_incoming/output_projection//bias                                                                             <f4    [4, 128]                                 512
alphafold/alphafold_iteration/evoformer/extra_msa_stack/triangle_multiplication_incoming/output_projection//weights                                                                          <f4    [4, 128, 128]                          65536
alphafold/alphafold_iteration/evoformer/extra_msa_stack/triangle_multiplication_incoming/projection//bias                                                                                    <f4    [4, 256]                                1024
alphafold/alphafold_iteration/evoformer/extra_msa_stack/triangle_multiplication_incoming/projection//weights                                                                                 <f4    [4, 128, 256]                         131072
alphafold/alphafold_iteration/evoformer/extra_msa_stack/triangle_multiplication_incoming/right_gate//bias                                                                                    <f4    [4, 128]                                 512
alphafold/alphafold_iteration/evoformer/extra_msa_stack/triangle_multiplication_incoming/right_gate//weights                                                                                 <f4    [4, 128, 128]                          65536
alphafold/alphafold_iteration/evoformer/extra_msa_stack/triangle_multiplication_incoming/right_projection//bias                                                                              <f4    [4, 128]                                 512
alphafold/alphafold_iteration/evoformer/extra_msa_stack/triangle_multiplication_incoming/right_projection//weights                                                                           <f4    [4, 128, 128]                          65536
alphafold/alphafold_iteration/evoformer/extra_msa_stack/triangle_multiplication_outgoing/center_layer_norm//offset                                                                           <f4    [4, 128]                                 512
alphafold/alphafold_iteration/evoformer/extra_msa_stack/triangle_multiplication_outgoing/center_layer_norm//scale                                                                            <f4    [4, 128]                                 512
alphafold/alphafold_iteration/evoformer/extra_msa_stack/triangle_multiplication_outgoing/center_norm//offset                                                                                 <f4    [4, 128]                                 512
alphafold/alphafold_iteration/evoformer/extra_msa_stack/triangle_multiplication_outgoing/center_norm//scale                                                                                  <f4    [4, 128]                                 512
alphafold/alphafold_iteration/evoformer/extra_msa_stack/triangle_multiplication_outgoing/gate//bias                                                                                          <f4    [4, 256]                                1024
alphafold/alphafold_iteration/evoformer/extra_msa_stack/triangle_multiplication_outgoing/gate//weights                                                                                       <f4    [4, 128, 256]                         131072
alphafold/alphafold_iteration/evoformer/extra_msa_stack/triangle_multiplication_outgoing/gating_linear//bias                                                                                 <f4    [4, 128]                                 512
alphafold/alphafold_iteration/evoformer/extra_msa_stack/triangle_multiplication_outgoing/gating_linear//weights                                                                              <f4    [4, 128, 128]                          65536
alphafold/alphafold_iteration/evoformer/extra_msa_stack/triangle_multiplication_outgoing/layer_norm_input//offset                                                                            <f4    [4, 128]                                 512
alphafold/alphafold_iteration/evoformer/extra_msa_stack/triangle_multiplication_outgoing/layer_norm_input//scale                                                                             <f4    [4, 128]                                 512
alphafold/alphafold_iteration/evoformer/extra_msa_stack/triangle_multiplication_outgoing/left_gate//bias                                                                                     <f4    [4, 128]                                 512
alphafold/alphafold_iteration/evoformer/extra_msa_stack/triangle_multiplication_outgoing/left_gate//weights                                                                                  <f4    [4, 128, 128]                          65536
alphafold/alphafold_iteration/evoformer/extra_msa_stack/triangle_multiplication_outgoing/left_norm_input//offset                                                                             <f4    [4, 128]                                 512
alphafold/alphafold_iteration/evoformer/extra_msa_stack/triangle_multiplication_outgoing/left_norm_input//scale                                                                              <f4    [4, 128]                                 512
alphafold/alphafold_iteration/evoformer/extra_msa_stack/triangle_multiplication_outgoing/left_projection//bias                                                                               <f4    [4, 128]                                 512
alphafold/alphafold_iteration/evoformer/extra_msa_stack/triangle_multiplication_outgoing/left_projection//weights                                                                            <f4    [4, 128, 128]                          65536
alphafold/alphafold_iteration/evoformer/extra_msa_stack/triangle_multiplication_outgoing/output_projection//bias                                                                             <f4    [4, 128]                                 512
alphafold/alphafold_iteration/evoformer/extra_msa_stack/triangle_multiplication_outgoing/output_projection//weights                                                                          <f4    [4, 128, 128]                          65536
alphafold/alphafold_iteration/evoformer/extra_msa_stack/triangle_multiplication_outgoing/projection//bias                                                                                    <f4    [4, 256]                                1024
alphafold/alphafold_iteration/evoformer/extra_msa_stack/triangle_multiplication_outgoing/projection//weights                                                                                 <f4    [4, 128, 256]                         131072
alphafold/alphafold_iteration/evoformer/extra_msa_stack/triangle_multiplication_outgoing/right_gate//bias                                                                                    <f4    [4, 128]                                 512
alphafold/alphafold_iteration/evoformer/extra_msa_stack/triangle_multiplication_outgoing/right_gate//weights                                                                                 <f4    [4, 128, 128]                          65536
alphafold/alphafold_iteration/evoformer/extra_msa_stack/triangle_multiplication_outgoing/right_projection//bias                                                                              <f4    [4, 128]                                 512
alphafold/alphafold_iteration/evoformer/extra_msa_stack/triangle_multiplication_outgoing/right_projection//weights                                                                           <f4    [4, 128, 128]                          65536
alphafold/alphafold_iteration/evoformer/left_single//bias                                                                                                                                    <f4    [128]                                    128
alphafold/alphafold_iteration/evoformer/left_single//weights                                                                                                                                 <f4    [21, 128]                               2688
alphafold/alphafold_iteration/evoformer/pair_activiations//bias                                                                                                                              <f4    [128]                                    128
alphafold/alphafold_iteration/evoformer/pair_activiations//weights                                                                                                                           <f4    [65, 128]                               8320
alphafold/alphafold_iteration/evoformer/preprocess_1d//bias                                                                                                                                  <f4    [256]                                    256
alphafold/alphafold_iteration/evoformer/preprocess_1d//weights                                                                                                                               <f4    [21, 256]                               5376
alphafold/alphafold_iteration/evoformer/preprocess_msa//bias                                                                                                                                 <f4    [256]                                    256
alphafold/alphafold_iteration/evoformer/preprocess_msa//weights                                                                                                                              <f4    [49, 256]                              12544
alphafold/alphafold_iteration/evoformer/prev_msa_first_row_norm//offset                                                                                                                      <f4    [256]                                    256
alphafold/alphafold_iteration/evoformer/prev_msa_first_row_norm//scale                                                                                                                       <f4    [256]                                    256
alphafold/alphafold_iteration/evoformer/prev_pair_norm//offset                                                                                                                               <f4    [128]                                    128
alphafold/alphafold_iteration/evoformer/prev_pair_norm//scale                                                                                                                                <f4    [128]                                    128
alphafold/alphafold_iteration/evoformer/prev_pos_linear//bias                                                                                                                                <f4    [128]                                    128
alphafold/alphafold_iteration/evoformer/prev_pos_linear//weights                                                                                                                             <f4    [15, 128]                               1920
alphafold/alphafold_iteration/evoformer/right_single//bias                                                                                                                                   <f4    [128]                                    128
alphafold/alphafold_iteration/evoformer/right_single//weights                                                                                                                                <f4    [21, 128]                               2688
alphafold/alphafold_iteration/evoformer/single_activations//bias                                                                                                                             <f4    [384]                                    384
alphafold/alphafold_iteration/evoformer/single_activations//weights                                                                                                                          <f4    [256, 384]                             98304
alphafold/alphafold_iteration/evoformer/template_embedding/attention//key_w                                                                                                                  <f4    [64, 4, 16]                             4096
alphafold/alphafold_iteration/evoformer/template_embedding/attention//output_b                                                                                                               <f4    [128]                                    128
alphafold/alphafold_iteration/evoformer/template_embedding/attention//output_w                                                                                                               <f4    [4, 16, 128]                            8192
alphafold/alphafold_iteration/evoformer/template_embedding/attention//query_w                                                                                                                <f4    [128, 4, 16]                            8192
alphafold/alphafold_iteration/evoformer/template_embedding/attention//value_w                                                                                                                <f4    [64, 4, 16]                             4096
alphafold/alphafold_iteration/evoformer/template_embedding/output_linear//bias                                                                                                               <f4    [128]                                    128
alphafold/alphafold_iteration/evoformer/template_embedding/output_linear//weights                                                                                                            <f4    [64, 128]                               8192
alphafold/alphafold_iteration/evoformer/template_embedding/single_template_embedding/embedding2d//bias                                                                                       <f4    [64]                                      64
alphafold/alphafold_iteration/evoformer/template_embedding/single_template_embedding/embedding2d//weights                                                                                    <f4    [88, 64]                                5632
alphafold/alphafold_iteration/evoformer/template_embedding/single_template_embedding/output_layer_norm//offset                                                                               <f4    [64]                                      64
alphafold/alphafold_iteration/evoformer/template_embedding/single_template_embedding/output_layer_norm//scale                                                                                <f4    [64]                                      64
alphafold/alphafold_iteration/evoformer/template_embedding/single_template_embedding/query_embedding_norm//offset                                                                            <f4    [128]                                    128
alphafold/alphafold_iteration/evoformer/template_embedding/single_template_embedding/query_embedding_norm//scale                                                                             <f4    [128]                                    128
alphafold/alphafold_iteration/evoformer/template_embedding/single_template_embedding/template_embedding_iteration/pair_transition/input_layer_norm//offset                                   <f4    [2, 64]                                  128
alphafold/alphafold_iteration/evoformer/template_embedding/single_template_embedding/template_embedding_iteration/pair_transition/input_layer_norm//scale                                    <f4    [2, 64]                                  128
alphafold/alphafold_iteration/evoformer/template_embedding/single_template_embedding/template_embedding_iteration/pair_transition/transition1//bias                                          <f4    [2, 128]                                 256
alphafold/alphafold_iteration/evoformer/template_embedding/single_template_embedding/template_embedding_iteration/pair_transition/transition1//weights                                       <f4    [2, 64, 128]                           16384
alphafold/alphafold_iteration/evoformer/template_embedding/single_template_embedding/template_embedding_iteration/pair_transition/transition2//bias                                          <f4    [2, 64]                                  128
alphafold/alphafold_iteration/evoformer/template_embedding/single_template_embedding/template_embedding_iteration/pair_transition/transition2//weights                                       <f4    [2, 128, 64]                           16384
alphafold/alphafold_iteration/evoformer/template_embedding/single_template_embedding/template_embedding_iteration/triangle_attention_ending_node//feat_2d_weights                            <f4    [2, 64, 4]                               512
alphafold/alphafold_iteration/evoformer/template_embedding/single_template_embedding/template_embedding_iteration/triangle_attention_ending_node/attention//gating_b                         <f4    [2, 4, 16]                               128
alphafold/alphafold_iteration/evoformer/template_embedding/single_template_embedding/template_embedding_iteration/triangle_attention_ending_node/attention//gating_w                         <f4    [2, 64, 4, 16]                          8192
alphafold/alphafold_iteration/evoformer/template_embedding/single_template_embedding/template_embedding_iteration/triangle_attention_ending_node/attention//key_w                            <f4    [2, 64, 4, 16]                          8192
alphafold/alphafold_iteration/evoformer/template_embedding/single_template_embedding/template_embedding_iteration/triangle_attention_ending_node/attention//output_b                         <f4    [2, 64]                                  128
alphafold/alphafold_iteration/evoformer/template_embedding/single_template_embedding/template_embedding_iteration/triangle_attention_ending_node/attention//output_w                         <f4    [2, 4, 16, 64]                          8192
alphafold/alphafold_iteration/evoformer/template_embedding/single_template_embedding/template_embedding_iteration/triangle_attention_ending_node/attention//query_w                          <f4    [2, 64, 4, 16]                          8192
alphafold/alphafold_iteration/evoformer/template_embedding/single_template_embedding/template_embedding_iteration/triangle_attention_ending_node/attention//value_w                          <f4    [2, 64, 4, 16]                          8192
alphafold/alphafold_iteration/evoformer/template_embedding/single_template_embedding/template_embedding_iteration/triangle_attention_ending_node/query_norm//offset                          <f4    [2, 64]                                  128
alphafold/alphafold_iteration/evoformer/template_embedding/single_template_embedding/template_embedding_iteration/triangle_attention_ending_node/query_norm//scale                           <f4    [2, 64]                                  128
alphafold/alphafold_iteration/evoformer/template_embedding/single_template_embedding/template_embedding_iteration/triangle_attention_starting_node//feat_2d_weights                          <f4    [2, 64, 4]                               512
alphafold/alphafold_iteration/evoformer/template_embedding/single_template_embedding/template_embedding_iteration/triangle_attention_starting_node/attention//gating_b                       <f4    [2, 4, 16]                               128
alphafold/alphafold_iteration/evoformer/template_embedding/single_template_embedding/template_embedding_iteration/triangle_attention_starting_node/attention//gating_w                       <f4    [2, 64, 4, 16]                          8192
alphafold/alphafold_iteration/evoformer/template_embedding/single_template_embedding/template_embedding_iteration/triangle_attention_starting_node/attention//key_w                          <f4    [2, 64, 4, 16]                          8192
alphafold/alphafold_iteration/evoformer/template_embedding/single_template_embedding/template_embedding_iteration/triangle_attention_starting_node/attention//output_b                       <f4    [2, 64]                                  128
alphafold/alphafold_iteration/evoformer/template_embedding/single_template_embedding/template_embedding_iteration/triangle_attention_starting_node/attention//output_w                       <f4    [2, 4, 16, 64]                          8192
alphafold/alphafold_iteration/evoformer/template_embedding/single_template_embedding/template_embedding_iteration/triangle_attention_starting_node/attention//query_w                        <f4    [2, 64, 4, 16]                          8192
alphafold/alphafold_iteration/evoformer/template_embedding/single_template_embedding/template_embedding_iteration/triangle_attention_starting_node/attention//value_w                        <f4    [2, 64, 4, 16]                          8192
alphafold/alphafold_iteration/evoformer/template_embedding/single_template_embedding/template_embedding_iteration/triangle_attention_starting_node/query_norm//offset                        <f4    [2, 64]                                  128
alphafold/alphafold_iteration/evoformer/template_embedding/single_template_embedding/template_embedding_iteration/triangle_attention_starting_node/query_norm//scale                         <f4    [2, 64]                                  128
alphafold/alphafold_iteration/evoformer/template_embedding/single_template_embedding/template_embedding_iteration/triangle_multiplication_incoming/center_norm//offset                       <f4    [2, 64]                                  128
alphafold/alphafold_iteration/evoformer/template_embedding/single_template_embedding/template_embedding_iteration/triangle_multiplication_incoming/center_norm//scale                        <f4    [2, 64]                                  128
alphafold/alphafold_iteration/evoformer/template_embedding/single_template_embedding/template_embedding_iteration/triangle_multiplication_incoming/gate//bias                                <f4    [2, 128]                                 256
alphafold/alphafold_iteration/evoformer/template_embedding/single_template_embedding/template_embedding_iteration/triangle_multiplication_incoming/gate//weights                             <f4    [2, 64, 128]                           16384
alphafold/alphafold_iteration/evoformer/template_embedding/single_template_embedding/template_embedding_iteration/triangle_multiplication_incoming/gating_linear//bias                       <f4    [2, 64]                                  128
alphafold/alphafold_iteration/evoformer/template_embedding/single_template_embedding/template_embedding_iteration/triangle_multiplication_incoming/gating_linear//weights                    <f4    [2, 64, 64]                             8192
alphafold/alphafold_iteration/evoformer/template_embedding/single_template_embedding/template_embedding_iteration/triangle_multiplication_incoming/left_norm_input//offset                   <f4    [2, 64]                                  128
alphafold/alphafold_iteration/evoformer/template_embedding/single_template_embedding/template_embedding_iteration/triangle_multiplication_incoming/left_norm_input//scale                    <f4    [2, 64]                                  128
alphafold/alphafold_iteration/evoformer/template_embedding/single_template_embedding/template_embedding_iteration/triangle_multiplication_incoming/output_projection//bias                   <f4    [2, 64]                                  128
alphafold/alphafold_iteration/evoformer/template_embedding/single_template_embedding/template_embedding_iteration/triangle_multiplication_incoming/output_projection//weights                <f4    [2, 64, 64]                             8192
alphafold/alphafold_iteration/evoformer/template_embedding/single_template_embedding/template_embedding_iteration/triangle_multiplication_incoming/projection//bias                          <f4    [2, 128]                                 256
alphafold/alphafold_iteration/evoformer/template_embedding/single_template_embedding/template_embedding_iteration/triangle_multiplication_incoming/projection//weights                       <f4    [2, 64, 128]                           16384
alphafold/alphafold_iteration/evoformer/template_embedding/single_template_embedding/template_embedding_iteration/triangle_multiplication_outgoing/center_norm//offset                       <f4    [2, 64]                                  128
alphafold/alphafold_iteration/evoformer/template_embedding/single_template_embedding/template_embedding_iteration/triangle_multiplication_outgoing/center_norm//scale                        <f4    [2, 64]                                  128
alphafold/alphafold_iteration/evoformer/template_embedding/single_template_embedding/template_embedding_iteration/triangle_multiplication_outgoing/gate//bias                                <f4    [2, 128]                                 256
alphafold/alphafold_iteration/evoformer/template_embedding/single_template_embedding/template_embedding_iteration/triangle_multiplication_outgoing/gate//weights                             <f4    [2, 64, 128]                           16384
alphafold/alphafold_iteration/evoformer/template_embedding/single_template_embedding/template_embedding_iteration/triangle_multiplication_outgoing/gating_linear//bias                       <f4    [2, 64]                                  128
alphafold/alphafold_iteration/evoformer/template_embedding/single_template_embedding/template_embedding_iteration/triangle_multiplication_outgoing/gating_linear//weights                    <f4    [2, 64, 64]                             8192
alphafold/alphafold_iteration/evoformer/template_embedding/single_template_embedding/template_embedding_iteration/triangle_multiplication_outgoing/left_norm_input//offset                   <f4    [2, 64]                                  128
alphafold/alphafold_iteration/evoformer/template_embedding/single_template_embedding/template_embedding_iteration/triangle_multiplication_outgoing/left_norm_input//scale                    <f4    [2, 64]                                  128
alphafold/alphafold_iteration/evoformer/template_embedding/single_template_embedding/template_embedding_iteration/triangle_multiplication_outgoing/output_projection//bias                   <f4    [2, 64]                                  128
alphafold/alphafold_iteration/evoformer/template_embedding/single_template_embedding/template_embedding_iteration/triangle_multiplication_outgoing/output_projection//weights                <f4    [2, 64, 64]                             8192
alphafold/alphafold_iteration/evoformer/template_embedding/single_template_embedding/template_embedding_iteration/triangle_multiplication_outgoing/projection//bias                          <f4    [2, 128]                                 256
alphafold/alphafold_iteration/evoformer/template_embedding/single_template_embedding/template_embedding_iteration/triangle_multiplication_outgoing/projection//weights                       <f4    [2, 64, 128]                           16384
alphafold/alphafold_iteration/evoformer/template_embedding/single_template_embedding/template_pair_embedding_0//bias                                                                         <f4    [64]                                      64
alphafold/alphafold_iteration/evoformer/template_embedding/single_template_embedding/template_pair_embedding_0//weights                                                                      <f4    [39, 64]                                2496
alphafold/alphafold_iteration/evoformer/template_embedding/single_template_embedding/template_pair_embedding_1//bias                                                                         <f4    [64]                                      64
alphafold/alphafold_iteration/evoformer/template_embedding/single_template_embedding/template_pair_embedding_1//weights                                                                      <f4    [64]                                      64
alphafold/alphafold_iteration/evoformer/template_embedding/single_template_embedding/template_pair_embedding_2//bias                                                                         <f4    [64]                                      64
alphafold/alphafold_iteration/evoformer/template_embedding/single_template_embedding/template_pair_embedding_2//weights                                                                      <f4    [22, 64]                                1408
alphafold/alphafold_iteration/evoformer/template_embedding/single_template_embedding/template_pair_embedding_3//bias                                                                         <f4    [64]                                      64
alphafold/alphafold_iteration/evoformer/template_embedding/single_template_embedding/template_pair_embedding_3//weights                                                                      <f4    [22, 64]                                1408
alphafold/alphafold_iteration/evoformer/template_embedding/single_template_embedding/template_pair_embedding_4//bias                                                                         <f4    [64]                                      64
alphafold/alphafold_iteration/evoformer/template_embedding/single_template_embedding/template_pair_embedding_4//weights                                                                      <f4    [64]                                      64
alphafold/alphafold_iteration/evoformer/template_embedding/single_template_embedding/template_pair_embedding_5//bias                                                                         <f4    [64]                                      64
alphafold/alphafold_iteration/evoformer/template_embedding/single_template_embedding/template_pair_embedding_5//weights                                                                      <f4    [64]                                      64
alphafold/alphafold_iteration/evoformer/template_embedding/single_template_embedding/template_pair_embedding_6//bias                                                                         <f4    [64]                                      64
alphafold/alphafold_iteration/evoformer/template_embedding/single_template_embedding/template_pair_embedding_6//weights                                                                      <f4    [64]                                      64
alphafold/alphafold_iteration/evoformer/template_embedding/single_template_embedding/template_pair_embedding_7//bias                                                                         <f4    [64]                                      64
alphafold/alphafold_iteration/evoformer/template_embedding/single_template_embedding/template_pair_embedding_7//weights                                                                      <f4    [64]                                      64
alphafold/alphafold_iteration/evoformer/template_embedding/single_template_embedding/template_pair_embedding_8//bias                                                                         <f4    [64]                                      64
alphafold/alphafold_iteration/evoformer/template_embedding/single_template_embedding/template_pair_embedding_8//weights                                                                      <f4    [128, 64]                               8192
alphafold/alphafold_iteration/evoformer/template_embedding/single_template_embedding/template_pair_stack/__layer_stack_no_state/pair_transition/input_layer_norm//offset                     <f4    [2, 64]                                  128
alphafold/alphafold_iteration/evoformer/template_embedding/single_template_embedding/template_pair_stack/__layer_stack_no_state/pair_transition/input_layer_norm//scale                      <f4    [2, 64]                                  128
alphafold/alphafold_iteration/evoformer/template_embedding/single_template_embedding/template_pair_stack/__layer_stack_no_state/pair_transition/transition1//bias                            <f4    [2, 128]                                 256
alphafold/alphafold_iteration/evoformer/template_embedding/single_template_embedding/template_pair_stack/__layer_stack_no_state/pair_transition/transition1//weights                         <f4    [2, 64, 128]                           16384
alphafold/alphafold_iteration/evoformer/template_embedding/single_template_embedding/template_pair_stack/__layer_stack_no_state/pair_transition/transition2//bias                            <f4    [2, 64]                                  128
alphafold/alphafold_iteration/evoformer/template_embedding/single_template_embedding/template_pair_stack/__layer_stack_no_state/pair_transition/transition2//weights                         <f4    [2, 128, 64]                           16384
alphafold/alphafold_iteration/evoformer/template_embedding/single_template_embedding/template_pair_stack/__layer_stack_no_state/triangle_attention_ending_node//feat_2d_weights              <f4    [2, 64, 4]                               512
alphafold/alphafold_iteration/evoformer/template_embedding/single_template_embedding/template_pair_stack/__layer_stack_no_state/triangle_attention_ending_node/attention//gating_b           <f4    [2, 4, 16]                               128
alphafold/alphafold_iteration/evoformer/template_embedding/single_template_embedding/template_pair_stack/__layer_stack_no_state/triangle_attention_ending_node/attention//gating_w           <f4    [2, 64, 4, 16]                          8192
alphafold/alphafold_iteration/evoformer/template_embedding/single_template_embedding/template_pair_stack/__layer_stack_no_state/triangle_attention_ending_node/attention//key_w              <f4    [2, 64, 4, 16]                          8192
alphafold/alphafold_iteration/evoformer/template_embedding/single_template_embedding/template_pair_stack/__layer_stack_no_state/triangle_attention_ending_node/attention//output_b           <f4    [2, 64]                                  128
alphafold/alphafold_iteration/evoformer/template_embedding/single_template_embedding/template_pair_stack/__layer_stack_no_state/triangle_attention_ending_node/attention//output_w           <f4    [2, 4, 16, 64]                          8192
alphafold/alphafold_iteration/evoformer/template_embedding/single_template_embedding/template_pair_stack/__layer_stack_no_state/triangle_attention_ending_node/attention//query_w            <f4    [2, 64, 4, 16]                          8192
alphafold/alphafold_iteration/evoformer/template_embedding/single_template_embedding/template_pair_stack/__layer_stack_no_state/triangle_attention_ending_node/attention//value_w            <f4    [2, 64, 4, 16]                          8192
alphafold/alphafold_iteration/evoformer/template_embedding/single_template_embedding/template_pair_stack/__layer_stack_no_state/triangle_attention_ending_node/query_norm//offset            <f4    [2, 64]                                  128
alphafold/alphafold_iteration/evoformer/template_embedding/single_template_embedding/template_pair_stack/__layer_stack_no_state/triangle_attention_ending_node/query_norm//scale             <f4    [2, 64]                                  128
alphafold/alphafold_iteration/evoformer/template_embedding/single_template_embedding/template_pair_stack/__layer_stack_no_state/triangle_attention_starting_node//feat_2d_weights            <f4    [2, 64, 4]                               512
alphafold/alphafold_iteration/evoformer/template_embedding/single_template_embedding/template_pair_stack/__layer_stack_no_state/triangle_attention_starting_node/attention//gating_b         <f4    [2, 4, 16]                               128
alphafold/alphafold_iteration/evoformer/template_embedding/single_template_embedding/template_pair_stack/__layer_stack_no_state/triangle_attention_starting_node/attention//gating_w         <f4    [2, 64, 4, 16]                          8192
alphafold/alphafold_iteration/evoformer/template_embedding/single_template_embedding/template_pair_stack/__layer_stack_no_state/triangle_attention_starting_node/attention//key_w            <f4    [2, 64, 4, 16]                          8192
alphafold/alphafold_iteration/evoformer/template_embedding/single_template_embedding/template_pair_stack/__layer_stack_no_state/triangle_attention_starting_node/attention//output_b         <f4    [2, 64]                                  128
alphafold/alphafold_iteration/evoformer/template_embedding/single_template_embedding/template_pair_stack/__layer_stack_no_state/triangle_attention_starting_node/attention//output_w         <f4    [2, 4, 16, 64]                          8192
alphafold/alphafold_iteration/evoformer/template_embedding/single_template_embedding/template_pair_stack/__layer_stack_no_state/triangle_attention_starting_node/attention//query_w          <f4    [2, 64, 4, 16]                          8192
alphafold/alphafold_iteration/evoformer/template_embedding/single_template_embedding/template_pair_stack/__layer_stack_no_state/triangle_attention_starting_node/attention//value_w          <f4    [2, 64, 4, 16]                          8192
alphafold/alphafold_iteration/evoformer/template_embedding/single_template_embedding/template_pair_stack/__layer_stack_no_state/triangle_attention_starting_node/query_norm//offset          <f4    [2, 64]                                  128
alphafold/alphafold_iteration/evoformer/template_embedding/single_template_embedding/template_pair_stack/__layer_stack_no_state/triangle_attention_starting_node/query_norm//scale           <f4    [2, 64]                                  128
alphafold/alphafold_iteration/evoformer/template_embedding/single_template_embedding/template_pair_stack/__layer_stack_no_state/triangle_multiplication_incoming/center_layer_norm//offset   <f4    [2, 64]                                  128
alphafold/alphafold_iteration/evoformer/template_embedding/single_template_embedding/template_pair_stack/__layer_stack_no_state/triangle_multiplication_incoming/center_layer_norm//scale    <f4    [2, 64]                                  128
alphafold/alphafold_iteration/evoformer/template_embedding/single_template_embedding/template_pair_stack/__layer_stack_no_state/triangle_multiplication_incoming/gating_linear//bias         <f4    [2, 64]                                  128
alphafold/alphafold_iteration/evoformer/template_embedding/single_template_embedding/template_pair_stack/__layer_stack_no_state/triangle_multiplication_incoming/gating_linear//weights      <f4    [2, 64, 64]                             8192
alphafold/alphafold_iteration/evoformer/template_embedding/single_template_embedding/template_pair_stack/__layer_stack_no_state/triangle_multiplication_incoming/layer_norm_input//offset    <f4    [2, 64]                                  128
alphafold/alphafold_iteration/evoformer/template_embedding/single_template_embedding/template_pair_stack/__layer_stack_no_state/triangle_multiplication_incoming/layer_norm_input//scale     <f4    [2, 64]                                  128
alphafold/alphafold_iteration/evoformer/template_embedding/single_template_embedding/template_pair_stack/__layer_stack_no_state/triangle_multiplication_incoming/left_gate//bias             <f4    [2, 64]                                  128
alphafold/alphafold_iteration/evoformer/template_embedding/single_template_embedding/template_pair_stack/__layer_stack_no_state/triangle_multiplication_incoming/left_gate//weights          <f4    [2, 64, 64]                             8192
alphafold/alphafold_iteration/evoformer/template_embedding/single_template_embedding/template_pair_stack/__layer_stack_no_state/triangle_multiplication_incoming/left_projection//bias       <f4    [2, 64]                                  128
alphafold/alphafold_iteration/evoformer/template_embedding/single_template_embedding/template_pair_stack/__layer_stack_no_state/triangle_multiplication_incoming/left_projection//weights    <f4    [2, 64, 64]                             8192
alphafold/alphafold_iteration/evoformer/template_embedding/single_template_embedding/template_pair_stack/__layer_stack_no_state/triangle_multiplication_incoming/output_projection//bias     <f4    [2, 64]                                  128
alphafold/alphafold_iteration/evoformer/template_embedding/single_template_embedding/template_pair_stack/__layer_stack_no_state/triangle_multiplication_incoming/output_projection//weights  <f4    [2, 64, 64]                             8192
alphafold/alphafold_iteration/evoformer/template_embedding/single_template_embedding/template_pair_stack/__layer_stack_no_state/triangle_multiplication_incoming/right_gate//bias            <f4    [2, 64]                                  128
alphafold/alphafold_iteration/evoformer/template_embedding/single_template_embedding/template_pair_stack/__layer_stack_no_state/triangle_multiplication_incoming/right_gate//weights         <f4    [2, 64, 64]                             8192
alphafold/alphafold_iteration/evoformer/template_embedding/single_template_embedding/template_pair_stack/__layer_stack_no_state/triangle_multiplication_incoming/right_projection//bias      <f4    [2, 64]                                  128
alphafold/alphafold_iteration/evoformer/template_embedding/single_template_embedding/template_pair_stack/__layer_stack_no_state/triangle_multiplication_incoming/right_projection//weights   <f4    [2, 64, 64]                             8192
alphafold/alphafold_iteration/evoformer/template_embedding/single_template_embedding/template_pair_stack/__layer_stack_no_state/triangle_multiplication_outgoing/center_layer_norm//offset   <f4    [2, 64]                                  128
alphafold/alphafold_iteration/evoformer/template_embedding/single_template_embedding/template_pair_stack/__layer_stack_no_state/triangle_multiplication_outgoing/center_layer_norm//scale    <f4    [2, 64]                                  128
alphafold/alphafold_iteration/evoformer/template_embedding/single_template_embedding/template_pair_stack/__layer_stack_no_state/triangle_multiplication_outgoing/gating_linear//bias         <f4    [2, 64]                                  128
alphafold/alphafold_iteration/evoformer/template_embedding/single_template_embedding/template_pair_stack/__layer_stack_no_state/triangle_multiplication_outgoing/gating_linear//weights      <f4    [2, 64, 64]                             8192
alphafold/alphafold_iteration/evoformer/template_embedding/single_template_embedding/template_pair_stack/__layer_stack_no_state/triangle_multiplication_outgoing/layer_norm_input//offset    <f4    [2, 64]                                  128
alphafold/alphafold_iteration/evoformer/template_embedding/single_template_embedding/template_pair_stack/__layer_stack_no_state/triangle_multiplication_outgoing/layer_norm_input//scale     <f4    [2, 64]                                  128
alphafold/alphafold_iteration/evoformer/template_embedding/single_template_embedding/template_pair_stack/__layer_stack_no_state/triangle_multiplication_outgoing/left_gate//bias             <f4    [2, 64]                                  128
alphafold/alphafold_iteration/evoformer/template_embedding/single_template_embedding/template_pair_stack/__layer_stack_no_state/triangle_multiplication_outgoing/left_gate//weights          <f4    [2, 64, 64]                             8192
alphafold/alphafold_iteration/evoformer/template_embedding/single_template_embedding/template_pair_stack/__layer_stack_no_state/triangle_multiplication_outgoing/left_projection//bias       <f4    [2, 64]                                  128
alphafold/alphafold_iteration/evoformer/template_embedding/single_template_embedding/template_pair_stack/__layer_stack_no_state/triangle_multiplication_outgoing/left_projection//weights    <f4    [2, 64, 64]                             8192
alphafold/alphafold_iteration/evoformer/template_embedding/single_template_embedding/template_pair_stack/__layer_stack_no_state/triangle_multiplication_outgoing/output_projection//bias     <f4    [2, 64]                                  128
alphafold/alphafold_iteration/evoformer/template_embedding/single_template_embedding/template_pair_stack/__layer_stack_no_state/triangle_multiplication_outgoing/output_projection//weights  <f4    [2, 64, 64]                             8192
alphafold/alphafold_iteration/evoformer/template_embedding/single_template_embedding/template_pair_stack/__layer_stack_no_state/triangle_multiplication_outgoing/right_gate//bias            <f4    [2, 64]                                  128
alphafold/alphafold_iteration/evoformer/template_embedding/single_template_embedding/template_pair_stack/__layer_stack_no_state/triangle_multiplication_outgoing/right_gate//weights         <f4    [2, 64, 64]                             8192
alphafold/alphafold_iteration/evoformer/template_embedding/single_template_embedding/template_pair_stack/__layer_stack_no_state/triangle_multiplication_outgoing/right_projection//bias      <f4    [2, 64]                                  128
alphafold/alphafold_iteration/evoformer/template_embedding/single_template_embedding/template_pair_stack/__layer_stack_no_state/triangle_multiplication_outgoing/right_projection//weights   <f4    [2, 64, 64]                             8192
alphafold/alphafold_iteration/evoformer/template_projection//bias                                                                                                                            <f4    [256]                                    256
alphafold/alphafold_iteration/evoformer/template_projection//weights                                                                                                                         <f4    [256, 256]                             65536
alphafold/alphafold_iteration/evoformer/template_single_embedding//bias                                                                                                                      <f4    [256]                                    256
alphafold/alphafold_iteration/evoformer/template_single_embedding//weights                                                                                                                   <f4    [34, 256]                               8704
alphafold/alphafold_iteration/evoformer/~_relative_encoding/position_activations//bias                                                                                                       <f4    [128]                                    128
alphafold/alphafold_iteration/evoformer/~_relative_encoding/position_activations//weights                                                                                                    <f4    [73, 128]                               9344
alphafold/alphafold_iteration/experimentally_resolved_head/logits//bias                                                                                                                      <f4    [37]                                      37
alphafold/alphafold_iteration/experimentally_resolved_head/logits//weights                                                                                                                   <f4    [384, 37]                              14208
alphafold/alphafold_iteration/masked_msa_head/logits//bias                                                                                                                                   <f4    [22]                                      22
alphafold/alphafold_iteration/masked_msa_head/logits//weights                                                                                                                                <f4    [256, 22]                               5632
alphafold/alphafold_iteration/predicted_aligned_error_head/logits//bias                                                                                                                      <f4    [64]                                      64
alphafold/alphafold_iteration/predicted_aligned_error_head/logits//weights                                                                                                                   <f4    [128, 64]                               8192
alphafold/alphafold_iteration/predicted_lddt_head/act_0//bias                                                                                                                                <f4    [128]                                    128
alphafold/alphafold_iteration/predicted_lddt_head/act_0//weights                                                                                                                             <f4    [384, 128]                             49152
alphafold/alphafold_iteration/predicted_lddt_head/act_1//bias                                                                                                                                <f4    [128]                                    128
alphafold/alphafold_iteration/predicted_lddt_head/act_1//weights                                                                                                                             <f4    [128, 128]                             16384
alphafold/alphafold_iteration/predicted_lddt_head/input_layer_norm//offset                                                                                                                   <f4    [384]                                    384
alphafold/alphafold_iteration/predicted_lddt_head/input_layer_norm//scale                                                                                                                    <f4    [384]                                    384
alphafold/alphafold_iteration/predicted_lddt_head/logits//bias                                                                                                                               <f4    [50]                                      50
alphafold/alphafold_iteration/predicted_lddt_head/logits//weights                                                                                                                            <f4    [128, 50]                               6400
alphafold/alphafold_iteration/structure_module/fold_iteration/affine_update//bias                                                                                                            <f4    [6]                                        6
alphafold/alphafold_iteration/structure_module/fold_iteration/affine_update//weights                                                                                                         <f4    [384, 6]                                2304
alphafold/alphafold_iteration/structure_module/fold_iteration/attention_layer_norm//offset                                                                                                   <f4    [384]                                    384
alphafold/alphafold_iteration/structure_module/fold_iteration/attention_layer_norm//scale                                                                                                    <f4    [384]                                    384
alphafold/alphafold_iteration/structure_module/fold_iteration/invariant_point_attention//trainable_point_weights                                                                             <f4    [12]                                      12
alphafold/alphafold_iteration/structure_module/fold_iteration/invariant_point_attention/attention_2d//bias                                                                                   <f4    [12]                                      12
alphafold/alphafold_iteration/structure_module/fold_iteration/invariant_point_attention/attention_2d//weights                                                                                <f4    [128, 12]                               1536
alphafold/alphafold_iteration/structure_module/fold_iteration/invariant_point_attention/k_point_projection/point_projection//bias                                                            <f4    [12, 12]                                 144
alphafold/alphafold_iteration/structure_module/fold_iteration/invariant_point_attention/k_point_projection/point_projection//weights                                                         <f4    [384, 12, 12]                          55296
alphafold/alphafold_iteration/structure_module/fold_iteration/invariant_point_attention/k_scalar_projection//weights                                                                         <f4    [384, 12, 16]                          73728
alphafold/alphafold_iteration/structure_module/fold_iteration/invariant_point_attention/kv_point_local//bias                                                                                 <f4    [432]                                    432
alphafold/alphafold_iteration/structure_module/fold_iteration/invariant_point_attention/kv_point_local//weights                                                                              <f4    [384, 432]                            165888
alphafold/alphafold_iteration/structure_module/fold_iteration/invariant_point_attention/kv_scalar//bias                                                                                      <f4    [384]                                    384
alphafold/alphafold_iteration/structure_module/fold_iteration/invariant_point_attention/kv_scalar//weights                                                                                   <f4    [384, 384]                            147456
alphafold/alphafold_iteration/structure_module/fold_iteration/invariant_point_attention/output_projection//bias                                                                              <f4    [384]                                    384
alphafold/alphafold_iteration/structure_module/fold_iteration/invariant_point_attention/output_projection//weights                                                                           <f4    [2112, 384]                           811008
alphafold/alphafold_iteration/structure_module/fold_iteration/invariant_point_attention/q_point_local//bias                                                                                  <f4    [144]                                    144
alphafold/alphafold_iteration/structure_module/fold_iteration/invariant_point_attention/q_point_local//weights                                                                               <f4    [384, 144]                             55296
alphafold/alphafold_iteration/structure_module/fold_iteration/invariant_point_attention/q_point_projection/point_projection//bias                                                            <f4    [12, 12]                                 144
alphafold/alphafold_iteration/structure_module/fold_iteration/invariant_point_attention/q_point_projection/point_projection//weights                                                         <f4    [384, 12, 12]                          55296
alphafold/alphafold_iteration/structure_module/fold_iteration/invariant_point_attention/q_scalar//bias                                                                                       <f4    [192]                                    192
alphafold/alphafold_iteration/structure_module/fold_iteration/invariant_point_attention/q_scalar//weights                                                                                    <f4    [384, 192]                             73728
alphafold/alphafold_iteration/structure_module/fold_iteration/invariant_point_attention/q_scalar_projection//weights                                                                         <f4    [384, 12, 16]                          73728
alphafold/alphafold_iteration/structure_module/fold_iteration/invariant_point_attention/v_point_projection/point_projection//bias                                                            <f4    [12, 24]                                 288
alphafold/alphafold_iteration/structure_module/fold_iteration/invariant_point_attention/v_point_projection/point_projection//weights                                                         <f4    [384, 12, 24]                         110592
alphafold/alphafold_iteration/structure_module/fold_iteration/invariant_point_attention/v_scalar_projection//weights                                                                         <f4    [384, 12, 16]                          73728
alphafold/alphafold_iteration/structure_module/fold_iteration/quat_rigid/rigid//bias                                                                                                         <f4    [6]                                        6
alphafold/alphafold_iteration/structure_module/fold_iteration/quat_rigid/rigid//weights                                                                                                      <f4    [384, 6]                                2304
alphafold/alphafold_iteration/structure_module/fold_iteration/rigid_sidechain/input_projection//bias                                                                                         <f4    [128]                                    128
alphafold/alphafold_iteration/structure_module/fold_iteration/rigid_sidechain/input_projection//weights                                                                                      <f4    [384, 128]                             49152
alphafold/alphafold_iteration/structure_module/fold_iteration/rigid_sidechain/input_projection_1//bias                                                                                       <f4    [128]                                    128
alphafold/alphafold_iteration/structure_module/fold_iteration/rigid_sidechain/input_projection_1//weights                                                                                    <f4    [384, 128]                             49152
alphafold/alphafold_iteration/structure_module/fold_iteration/rigid_sidechain/resblock1//bias                                                                                                <f4    [128]                                    128
alphafold/alphafold_iteration/structure_module/fold_iteration/rigid_sidechain/resblock1//weights                                                                                             <f4    [128, 128]                             16384
alphafold/alphafold_iteration/structure_module/fold_iteration/rigid_sidechain/resblock1_1//bias                                                                                              <f4    [128]                                    128
alphafold/alphafold_iteration/structure_module/fold_iteration/rigid_sidechain/resblock1_1//weights                                                                                           <f4    [128, 128]                             16384
alphafold/alphafold_iteration/structure_module/fold_iteration/rigid_sidechain/resblock2//bias                                                                                                <f4    [128]                                    128
alphafold/alphafold_iteration/structure_module/fold_iteration/rigid_sidechain/resblock2//weights                                                                                             <f4    [128, 128]                             16384
alphafold/alphafold_iteration/structure_module/fold_iteration/rigid_sidechain/resblock2_1//bias                                                                                              <f4    [128]                                    128
alphafold/alphafold_iteration/structure_module/fold_iteration/rigid_sidechain/resblock2_1//weights                                                                                           <f4    [128, 128]                             16384
alphafold/alphafold_iteration/structure_module/fold_iteration/rigid_sidechain/unnormalized_angles//bias                                                                                      <f4    [14]                                      14
alphafold/alphafold_iteration/structure_module/fold_iteration/rigid_sidechain/unnormalized_angles//weights                                                                                   <f4    [128, 14]                               1792
alphafold/alphafold_iteration/structure_module/fold_iteration/transition//bias                                                                                                               <f4    [384]                                    384
alphafold/alphafold_iteration/structure_module/fold_iteration/transition//weights                                                                                                            <f4    [384, 384]                            147456
alphafold/alphafold_iteration/structure_module/fold_iteration/transition_1//bias                                                                                                             <f4    [384]                                    384
alphafold/alphafold_iteration/structure_module/fold_iteration/transition_1//weights                                                                                                          <f4    [384, 384]                            147456
alphafold/alphafold_iteration/structure_module/fold_iteration/transition_2//bias                                                                                                             <f4    [384]                                    384
alphafold/alphafold_iteration/structure_module/fold_iteration/transition_2//weights                                                                                                          <f4    [384, 384]                            147456
alphafold/alphafold_iteration/structure_module/fold_iteration/transition_layer_norm//offset                                                                                                  <f4    [384]                                    384
alphafold/alphafold_iteration/structure_module/fold_iteration/transition_layer_norm//scale                                                                                                   <f4    [384]                                    384
alphafold/alphafold_iteration/structure_module/initial_projection//bias                                                                                                                      <f4    [384]                                    384
alphafold/alphafold_iteration/structure_module/initial_projection//weights                                                                                                                   <f4    [384, 384]                            147456
alphafold/alphafold_iteration/structure_module/pair_layer_norm//offset                                                                                                                       <f4    [128]                                    128
alphafold/alphafold_iteration/structure_module/pair_layer_norm//scale                                                                                                                        <f4    [128]                                    128
alphafold/alphafold_iteration/structure_module/single_layer_norm//offset                                                                                                                     <f4    [384]                                    384
alphafold/alphafold_iteration/structure_module/single_layer_norm//scale                                                                                                                      <f4    [384]                                    384
------------------------------------------------------------------------------------------------------------------------------------------------------------------------------------------------------------------------------------------------
455 tensors                                                                                                                                                                                                                            100848863

Tensors matching 'msa_row_attention':
  alphafold/alphafold_iteration/evoformer/evoformer_iteration/msa_row_attention_with_pair_bias//feat_2d_weights
  alphafold/alphafold_iteration/evoformer/evoformer_iteration/msa_row_attention_with_pair_bias/attention//gating_b
  alphafold/alphafold_iteration/evoformer/evoformer_iteration/msa_row_attention_with_pair_bias/attention//gating_w
  alphafold/alphafold_iteration/evoformer/evoformer_iteration/msa_row_attention_with_pair_bias/attention//key_w
  alphafold/alphafold_iteration/evoformer/evoformer_iteration/msa_row_attention_with_pair_bias/attention//output_b
  alphafold/alphafold_iteration/evoformer/evoformer_iteration/msa_row_attention_with_pair_bias/attention//output_w
  alphafold/alphafold_iteration/evoformer/evoformer_iteration/msa_row_attention_with_pair_bias/attention//query_w
  alphafold/alphafold_iteration/evoformer/evoformer_iteration/msa_row_attention_with_pair_bias/attention//value_w
  alphafold/alphafold_iteration/evoformer/evoformer_iteration/msa_row_attention_with_pair_bias/feat_2d_norm//offset
  alphafold/alphafold_iteration/evoformer/evoformer_iteration/msa_row_attention_with_pair_bias/feat_2d_norm//scale
  alphafold/alphafold_iteration/evoformer/evoformer_iteration/msa_row_attention_with_pair_bias/query_norm//offset
  alphafold/alphafold_iteration/evoformer/evoformer_iteration/msa_row_attention_with_pair_bias/query_norm//scale
  alphafold/alphafold_iteration/evoformer/extra_msa_stack/msa_row_attention_with_pair_bias//feat_2d_weights
  alphafold/alphafold_iteration/evoformer/extra_msa_stack/msa_row_attention_with_pair_bias/attention//gating_b
  alphafold/alphafold_iteration/evoformer/extra_msa_stack/msa_row_attention_with_pair_bias/attention//gating_w
  alphafold/alphafold_iteration/evoformer/extra_msa_stack/msa_row_attention_with_pair_bias/attention//key_w
  alphafold/alphafold_iteration/evoformer/extra_msa_stack/msa_row_attention_with_pair_bias/attention//output_b
  alphafold/alphafold_iteration/evoformer/extra_msa_stack/msa_row_attention_with_pair_bias/attention//output_w
  alphafold/alphafold_iteration/evoformer/extra_msa_stack/msa_row_attention_with_pair_bias/attention//query_w
  alphafold/alphafold_iteration/evoformer/extra_msa_stack/msa_row_attention_with_pair_bias/attention//value_w
  alphafold/alphafold_iteration/evoformer/extra_msa_stack/msa_row_attention_with_pair_bias/feat_2d_norm//offset
  alphafold/alphafold_iteration/evoformer/extra_msa_stack/msa_row_attention_with_pair_bias/feat_2d_norm//scale
  alphafold/alphafold_iteration/evoformer/extra_msa_stack/msa_row_attention_with_pair_bias/query_norm//offset
  alphafold/alphafold_iteration/evoformer/extra_msa_stack/msa_row_attention_with_pair_bias/query_norm//scale

No --fasta supplied; using HP36 villin headpiece demo.
Embedding sequence…
Sequence length: 35
single : 35×256
pair   : 35×35×128
msa    : 1×35×256
extra  : 1×35×64
Running Evoformer (3 recycles × 48 blocks)…
Evoformer done.
single : 35×384
pair   : 35×35×128
Running Structure Module (8 fold iterations)…
Structure Module done.  Final single rep: 35×384
Predicted Cα positions (Å):
    1     0.225    -0.245     0.497
    2     0.364    -0.209     0.498
    3     0.371    -0.276     0.560
    4     0.231    -0.193     0.469
    5     0.423    -0.195     0.549
    6     0.203    -0.261     0.489
    7     0.409    -0.166     0.441
    8     0.266    -0.321     0.495
    9     0.218    -0.207     0.470
   10     0.086    -0.225     0.359
   11     0.221    -0.216     0.427
   12     0.216    -0.109     0.559
   13     0.417    -0.345     0.443
   14     0.417    -0.198     0.591
   15     0.053    -0.268     0.241
   16     0.418    -0.282     0.501
   17     0.169    -0.307     0.515
   18     0.153    -0.229     0.373
   19     0.457    -0.412     0.562
   20     0.294    -0.195     0.510
   21     0.375    -0.374     0.510
   22     0.303    -0.228     0.446
   23     0.133    -0.307     0.420
   24     0.337    -0.073     0.473
   25     0.218    -0.130     0.473
   26     0.359    -0.264     0.409
   27     0.097    -0.179     0.549
   28     0.146    -0.349     0.455
   29     0.317    -0.169     0.543
   30     0.230    -0.207     0.458
   31     0.097    -0.237     0.280
   32     0.473    -0.226     0.548
   33     0.414    -0.282     0.486
   34     0.336    -0.180     0.416
   35     0.298    -0.132     0.458
